Original Text,Initial,Machine translation,Better translation,Best translation,Vencedor,Score Annie,Score Online
"LAYER_S 0 BedroomBottom 0 0 255 0 0 0 0 0 0
LAYER_S 1 BedroomTop 0 0 255 4 0 0 0 0 0
LAYER_S 2 BedroomLight 0 0 255 4.5 0 0 0 0 0
LAYER_S 3 DarkPurple 0 0 50 5 0 0 0 0 0",,,"LAYER_S 0 BedroomBottom 0 0 255 0 0 0 0 0 0
LAYER_S 1 BedroomTop 0 0 255 4 0 0 0 0 0
LAYER_S 2 BedroomLight 0 0 255 4.5 0 0 0 0 0
LAYER_S 3 DarkPurple 0 0 50 5 0 0 0 0 0","LAYER_S 0 BedroomBottom 0 0 255 0 0 0 0 0 0
LAYER_S 1 BedroomTop 0 0 255 4 0 0 0 0 0
LAYER_S 2 BedroomLight 0 0 255 4.5 0 0 0 0 0
LAYER_S 3 DarkPurple 0 0 50 5 0 0 0 0 0",Annie (Protegido),1.0,0.0
Auto,,Automático,Automa,Automa,Annie,0.679,0.655
"---Opening to the game---
BEAT 1",,"---Abertura para o jogo---
BATIDA 1",---Abrir au jeu---- BEAT 1,"---Abertura para o jogo---
BATIDA 1",Online,0.642,0.667
...How long has your life been like this?,,...Há quanto tempo sua vida é assim?,...hace quanto tempo su vida está así?,...hace quanto tempo su vida está así?,Annie,0.664,0.653
You haven't a clue.,,Você não tem ideia.,Usted no tiene ni idea.,Você não tem ideia.,Online,0.622,0.643
"...But given your situation, you don't care about that.",,"...Mas dada a sua situação, você não se importa com isso.",,"...Mas dada a sua situação, você não se importa com isso.",Online (Annie falhou),0.0,0.676
?????,,?????,?????,?????,Annie (Protegido),1.0,0.0
...,,...,...,...,Annie (Protegido),1.0,0.0
"Rise and shine, Alice Abbott!!!",,"Levante-se e brilhe, Alice Abbott!!!","Levante e brille, Alice Abbott!!!","Levante e brille, Alice Abbott!!!",Annie,0.626,0.601
Alice,,Alice,Alice,Alice,Annie,0.628,0.628
\F[alice_lemmesleep]Ugh... what time is it?,,\F[alice_lemmesleep]Ugh... que horas são?,,\F[alice_lemmesleep]Ugh... que horas são?,Online (Annie falhou),0.0,0.641
\F[alice_lemmesleep]\AA[N]The time really shouldn't matter to you. Not when you're just gonna stay inside all day!,,\F[alice_lemmesleep]\AA[N]O tempo realmente não deveria importar para você.Não quando você vai ficar dentro de casa o dia todo!,,\F[alice_lemmesleep]\AA[N]O tempo realmente não deveria importar para você.Não quando você vai ficar dentro de casa o dia todo!,Online (Annie falhou),0.0,0.656
\F[alice_downturned]\AA[F]...Whatever... I'm just gonna do what I do best. Sit. And watch TV.,,\F[alice_downturned]\AA[F]...Tanto faz... Vou apenas fazer o que faço de melhor.Sentar.E assistir TV.,,\F[alice_downturned]\AA[F]...Tanto faz... Vou apenas fazer o que faço de melhor.Sentar.E assistir TV.,Online (Annie falhou),0.0,0.661
\F[alice_downturned]\AA[N]It's gotten so bad that you can't bring yourself to get out of bed.,,\F[alice_downturned]\AA[N]Está tão ruim que você não consegue sair da cama.,,\F[alice_downturned]\AA[N]Está tão ruim que você não consegue sair da cama.,Online (Annie falhou),0.0,0.656
"\F[alice_downturned]\AA[N]In order to look around, you find yourself having to [CLICK] on everything in the room.",,"\F[alice_downturned]\AA[N]Para olhar ao redor, você precisa [CLIQUE] em tudo na sala.",,"\F[alice_downturned]\AA[N]Para olhar ao redor, você precisa [CLIQUE] em tudo na sala.",Online (Annie falhou),0.0,0.652
Alice_Sit,,Alice_Sit,Alice_sentar,Alice_sentar,Annie,0.616,0.614
<Hitbox Left: 1><Hitbox Up: 1><Click Trigger>,,,<Hitbox Left: 1><Hitbox Up: 1><Click Trigger>,<Hitbox Left: 1><Hitbox Up: 1><Click Trigger>,Annie (Rival vazio),0.633,0.0
It's you!,,É você!,,É você!,Online (Annie falhou),0.0,0.667
"Your sad, hermit little self.",,Seu eu triste e eremita.,"Su triste, ermitarina pequeña auto.","Su triste, ermitarina pequeña auto.",Annie,0.597,0.584
As if you didn't know that already!,,Como se você já não soubesse disso!,,Como se você já não soubesse disso!,Online (Annie falhou),0.0,0.665
It's you.,,É você.,,É você.,Online (Annie falhou),0.0,0.642
Your sad little hermit self.,,Seu pequeno e triste eu eremita.,Su triste ermita pequeña ermita.,Seu pequeno e triste eu eremita.,Online,0.594,0.6
...All that you have is yourself now.,,...Tudo o que você tem é você mesmo agora.,,...Tudo o que você tem é você mesmo agora.,Online (Annie falhou),0.0,0.67
"...Even then, you're beginning to lose her.",,"...Mesmo assim, você está começando a perdê-la.","...Mesmo entonces, você está empezando a perderla.","...Mesmo entonces, você está empezando a perderla.",Annie,0.676,0.671
It's too late for you now.,,Agora é tarde demais para você.,,Agora é tarde demais para você.,Online (Annie falhou),0.0,0.665
Takeout,,Para viagem,Takeout,Takeout,Annie,0.616,0.604
"<Hitbox Up: 1><Click Trigger><Sprite Offset: +0, -16>",,,"<Hitbox Up: 1><<Click Trigger><Sprite Offset: +0, -16>","<Hitbox Up: 1><<Click Trigger><Sprite Offset: +0, -16>",Annie (Rival vazio),0.633,0.0
You're grateful for this.,,Você está grato por isso.,Estás agradecida por esto.,Estás agradecida por esto.,Annie,0.674,0.666
Grateful that you don't have to go out for food!,,Grata por não precisar sair para comer!,Grato por no tener que salir a buscar comida!,Grato por no tener que salir a buscar comida!,Annie,0.649,0.627
"Otherwise, you would've died long ago.",,"Caso contrário, você teria morrido há muito tempo.","Caso contrario, você teria morrido hace muito tiempo.","Caso contrário, você teria morrido há muito tempo.",Online,0.68,0.683
The only problem with having this takeout container there is that it's probably all moldy now.,,O único problema de ter esse recipiente para viagem é que provavelmente está todo mofado agora.,El único problema de tener este contenedor de take out lá é que provavelmente está todo mofoso ahora.,O único problema de ter esse recipiente para viagem é que provavelmente está todo mofado agora.,Online,0.648,0.664
"Might make you die quicker, though.",,"Pode fazer você morrer mais rápido, no entanto.","Poderá fazer você morrer mais rápido, no entanto.","Poderá fazer você morrer mais rápido, no entanto.",Annie,0.652,0.65
"You can't tell if there's leftover rice in the container, or if it's just a bunch of maggots.",,Não dá para saber se há sobras de arroz no recipiente ou se é apenas um monte de vermes.,"No se sabe si hay sobra de arroz no recipiente, ou se se trata de un bando de vermes.",Não dá para saber se há sobras de arroz no recipiente ou se é apenas um monte de vermes.,Online,0.624,0.669
"You can't make anything out in the darkness, but you're sure that maggots and larvae are festering in the takeout container.",,"Você não consegue distinguir nada na escuridão, mas tem certeza de que vermes e larvas estão apodrecendo no recipiente para viagem.",,"Você não consegue distinguir nada na escuridão, mas tem certeza de que vermes e larvas estão apodrecendo no recipiente para viagem.",Online (Annie falhou),0.0,0.638
Television,,Televisão,Télévision,Televisão,Online,0.677,0.687
<Hitbox Up: 2><Click Trigger>,,,<Hitbox Up: 2><Click Trigger>,<Hitbox Up: 2><Click Trigger>,Annie (Rival vazio),0.628,0.0
You would've lost your head without this lovely contraption!,,Você teria perdido a cabeça sem esta adorável engenhoca!,,Você teria perdido a cabeça sem esta adorável engenhoca!,Online (Annie falhou),0.0,0.659
Wanna watch something?,,Quer assistir alguma coisa?,Quer ver algo?,Quer assistir alguma coisa?,Online,0.65,0.676
Fuck yeah!,,"Foda-se, sim!","Porra, yeah!","Porra, yeah!",Annie,0.585,0.569
Fuck that!,,Foda-se!,Que se foda!,Que se foda!,Annie,0.624,0.579
Suit yourself then! Have fun stewing in your thoughts!,,Fique à vontade então!Divirta-se pensando em seus pensamentos!,Como queiras entonces! Diviértete en guisando en tus pensamentos!,Fique à vontade então!Divirta-se pensando em seus pensamentos!,Online,0.612,0.637
"---Alice watches TV---
BEAT 2",,"---Alice assiste TV---
BATIDA 2",---Alice assiste TV TV--- BAT 2,"---Alice assiste TV---
BATIDA 2",Online,0.638,0.646
You switch the TV on.,,Você liga a TV.,,Você liga a TV.,Online (Annie falhou),0.0,0.654
Just like every single day.,,Assim como todos os dias.,Como todos os dias.,Assim como todos os dias.,Online,0.661,0.669
People always tell you to be consistent...,,As pessoas sempre dizem para você ser consistente...,La gente siempre te dice que debes ser consistente...,La gente siempre te dice que debes ser consistente...,Annie,0.687,0.687
"And here you are! Consistently staying in bed, and watching TV!",,E aqui está você!Ficar consistentemente na cama e assistir TV!,,E aqui está você!Ficar consistentemente na cama e assistir TV!,Online (Annie falhou),0.0,0.675
"Even though you do this every day, the TV's flickering light still burns your retinas.",,"Mesmo que você faça isso todos os dias, a luz bruxuleante da TV ainda queima suas retinas.",,"Mesmo que você faça isso todos os dias, a luz bruxuleante da TV ainda queima suas retinas.",Online (Annie falhou),0.0,0.683
You switch through the channels...,,Você muda de canal...,Você cambia através dos canales...,Você cambia através dos canales...,Annie,0.678,0.653
News... sports... questionable stuff... kid's shows...,,Notícias... esportes... coisas questionáveis... programas infantis...,Noticias... sports... coisas questionáveis... shows infantiles...,Notícias... esportes... coisas questionáveis... programas infantis...,Online,0.686,0.687
"You settle on ""My 30 Day Wedding.""",,"Você decide ""Meu casamento de 30 dias"".","Se assenta en ""My 30 Day Wedding.""","Você decide ""Meu casamento de 30 dias"".",Online,0.6,0.668
"Yes, you know that just about everything in that show is staged.",,"Sim, você sabe que quase tudo naquele show é encenado.",,"Sim, você sabe que quase tudo naquele show é encenado.",Online (Annie falhou),0.0,0.689
But you like it. You like seeing these people be so petty towards each other.,,Mas você gosta.Você gosta de ver essas pessoas sendo tão mesquinhas umas com as outras.,A ti te gusta ver estas personas ser tan mesquines entre elles.,Mas você gosta.Você gosta de ver essas pessoas sendo tão mesquinhas umas com as outras.,Online,0.628,0.661
Seeing them beat the shit out of each other over silly things like soap reminds you of why you're even here.,,Vê-los espancando um ao outro por coisas bobas como sabonete lembra você do motivo pelo qual você está aqui.,Viendo-los golpearse mutuamente por coisas idiotas como sabonete te recuerda por qué estás aqui.,Vê-los espancando um ao outro por coisas bobas como sabonete lembra você do motivo pelo qual você está aqui.,Online,0.64,0.647
\F[alice_speak]\AA[F]I know that some might think that I'm missing out on life...,,\F[alice_speak]\AA[F]Eu sei que alguns podem pensar que estou perdendo a vida...,,\F[alice_speak]\AA[F]Eu sei que alguns podem pensar que estou perdendo a vida...,Online (Annie falhou),0.0,0.658
\F[alice_assert]\AA[F]But I'm perfectly fine missing out on... people.,,\F[alice_assert]\AA[F]Mas estou perfeitamente bem sentindo falta de... pessoas.,,\F[alice_assert]\AA[F]Mas estou perfeitamente bem sentindo falta de... pessoas.,Online (Annie falhou),0.0,0.632
"\F[alice_assert]\AA[N]Even if ""My 30 Day Wedding"" is staged, you can't help but feel that there's some level of truth to the pettiness.",,"\F[alice_assert]\AA[N]Mesmo que ""Meu casamento de 30 dias"" seja encenado, você não pode deixar de sentir que há algum nível de verdade nessa mesquinhez.",,"\F[alice_assert]\AA[N]Mesmo que ""Meu casamento de 30 dias"" seja encenado, você não pode deixar de sentir que há algum nível de verdade nessa mesquinhez.",Online (Annie falhou),0.0,0.649
"\F[alice_assert]\AA[N]You remember how when you actually attended class, some boy began trying to prank you.",,"\F[alice_assert]\AA[N]Você se lembra de quando, quando estava na aula, um garoto começou a tentar pregar uma peça em você.",,"\F[alice_assert]\AA[N]Você se lembra de quando, quando estava na aula, um garoto começou a tentar pregar uma peça em você.",Online (Annie falhou),0.0,0.631
"\F[alice_assert]\AA[N]And by prank, I don't mean silly things like dialing random numbers.",,"\F[alice_assert]\AA[N]E por pegadinha, não quero dizer coisas bobas como discar números aleatórios.",,"\F[alice_assert]\AA[N]E por pegadinha, não quero dizer coisas bobas como discar números aleatórios.",Online (Annie falhou),0.0,0.62
\F[alice_assert]\AA[N]I mean shit like trying to dump acid on you!,,"\F[alice_assert]\AA[N]Quero dizer, coisas como tentar jogar ácido em você!",,"\F[alice_assert]\AA[N]Quero dizer, coisas como tentar jogar ácido em você!",Online (Annie falhou),0.0,0.65
\F[alice_depressed]\AA[F]...And it was all because I didn't want to work with him on a project.,,\F[alice_depressed]\AA[F]...E tudo porque eu não queria trabalhar com ele em um projeto.,,\F[alice_depressed]\AA[F]...E tudo porque eu não queria trabalhar com ele em um projeto.,Online (Annie falhou),0.0,0.656
\F[alice_no]\AA[F]...Maybe I came across too harshly when rejecting him?,,\F[alice_no]\AA[F]...Talvez eu tenha sido muito duro ao rejeitá-lo?,,\F[alice_no]\AA[F]...Talvez eu tenha sido muito duro ao rejeitá-lo?,Online (Annie falhou),0.0,0.645
\F[alice_depressed]\AA[F]...,,\F[alice_depressed]\AA[F]...,,\F[alice_depressed]\AA[F]...,Online (Annie falhou),0.0,0.623
\F[alice_depressed]\AA[N]A massive part of you believes that the world is a shitty place.,,\F[alice_depressed]\AA[N]Uma grande parte de você acredita que o mundo é um lugar de merda.,,\F[alice_depressed]\AA[N]Uma grande parte de você acredita que o mundo é um lugar de merda.,Online (Annie falhou),0.0,0.683
\F[alice_depressed]\AA[N]...But the idea that maybe it's your fault is... tempting?,,\F[alice_depressed]\AA[N]...Mas a ideia de que talvez a culpa seja sua é... tentadora?,,\F[alice_depressed]\AA[N]...Mas a ideia de que talvez a culpa seja sua é... tentadora?,Online (Annie falhou),0.0,0.658
You sit back and think on it some more.,,Você senta e pensa um pouco mais.,,Você senta e pensa um pouco mais.,Online (Annie falhou),0.0,0.645
"At least if something's your fault, you can fix it.",,"Pelo menos se algo for culpa sua, você pode consertar.","Al menos si algo es culpa tuya, puedes arreglarlo.","Al menos si algo es culpa tuya, puedes arreglarlo.",Annie,0.687,0.651
You switch to the news channel. You feel like watching something informative.,,Você muda para o canal de notícias.Você tem vontade de assistir algo informativo.,"Passas al canal de noticias, te apetece ver algo informativo.",Você muda para o canal de notícias.Você tem vontade de assistir algo informativo.,Online,0.676,0.684
TV,,televisão,TV,TV,Annie (Protegido),1.0,0.0
"Gooooooooooood evening, citizens of Libretto City!",,"Boa noite, cidadãos da cidade de Libretto!",Goooooooooooooooooooooooooooooooooooooooooooooooooooooooooooooooooooooooooooooooooooooooooooooooooooooooooooooooooooooooooooooooooooooooooooooooooooooooooooooooooooooooooooooooooooooooooooooooooooooooooooooooooooooooooooaooooooooooooooooooooooooooooooooooooooooooooooooooooooooooooooooooooooooooooooooooooooooooooooooooooooooooooooooooooooooooooooooooooooooooooooooooooooooooooooooooooooooooooooooooooooooooooooooooooooooooooooooooooooooooooooooooooooooooooooooooooooooooooooooooooooooooooooooocecececececececececececececececece,"Boa noite, cidadãos da cidade de Libretto!",Online,0.528,0.669
E-evening?,,E-noite?,Boa noite?,Boa noite?,Annie,0.633,0.631
You're not surprised. More disappointed in yourself than anything.,,Você não está surpreso.Mais decepcionado consigo mesmo do que qualquer coisa.,"Você no está sorprendido, mas decepcionado por si mesmo que por nada.",Você não está surpreso.Mais decepcionado consigo mesmo do que qualquer coisa.,Online,0.631,0.672
You used to wake up at the crack of dawn to get shit done.,,Você costumava acordar de madrugada para fazer as coisas.,Solías despertar al amanecer para hacer merdas.,Você costumava acordar de madrugada para fazer as coisas.,Online,0.626,0.66
"Now, you wake up at the crack of dusk to lay and rot.",,"Agora, você acorda ao anoitecer para deitar e apodrecer.",,"Agora, você acorda ao anoitecer para deitar e apodrecer.",Online (Annie falhou),0.0,0.629
You bring your attention back to the TV. Thoughts aren't good for you.,,Você traz sua atenção de volta para a TV.Os pensamentos não são bons para você.,,Você traz sua atenção de volta para a TV.Os pensamentos não são bons para você.,Online (Annie falhou),0.0,0.671
"Today, we bring you a grisly case: A murder!",,Hoje trazemos para vocês um caso terrível: um assassinato!,,Hoje trazemos para vocês um caso terrível: um assassinato!,Online (Annie falhou),0.0,0.688
Another one. Just like every day.,,Outro.Assim como todos os dias.,Como todos os dias.,Outro.Assim como todos os dias.,Online,0.625,0.629
"Yes. I know that you see this shit everyday, but this one is so bad that we have to show you!",,"Sim.Eu sei que você vê essa merda todos os dias, mas essa é tão ruim que temos que te mostrar!",,"Sim.Eu sei que você vê essa merda todos os dias, mas essa é tão ruim que temos que te mostrar!",Online (Annie falhou),0.0,0.68
You zone out a bit while the reporter talks about the crime scene.,,Você se distrai um pouco enquanto o repórter fala sobre a cena do crime.,,Você se distrai um pouco enquanto o repórter fala sobre a cena do crime.,Online (Annie falhou),0.0,0.673
"About how the victim was found under Cardinal River, with half of her face burned off, and her breast torn.",,"Sobre como a vítima foi encontrada sob Cardinal River, com metade do rosto queimado e o peito rasgado.",,"Sobre como a vítima foi encontrada sob Cardinal River, com metade do rosto queimado e o peito rasgado.",Online (Annie falhou),0.0,0.684
The victim was named... Emma Greenwood!,,A vítima chamava-se... Emma Greenwood!,La víctima se llamaba Emma Greenwood!,La víctima se llamaba Emma Greenwood!,Annie,0.682,0.677
Your ears perk up.,,Seus ouvidos se animam.,Tes orelhas se aperfeiçoam.,Tes orelhas se aperfeiçoam.,Annie,0.6,0.594
"You remember that she was one of your classmates, back when you went to class.",,"Você se lembra que ela era uma de suas colegas de classe, quando você ia para a aula.",,"Você se lembra que ela era uma de suas colegas de classe, quando você ia para a aula.",Online (Annie falhou),0.0,0.67
And she was also one of the only people to check up on you.,,E ela também foi uma das únicas pessoas que verificou você.,,E ela também foi uma das únicas pessoas que verificou você.,Online (Annie falhou),0.0,0.662
You're sure that she was a good person. She sure as hell didn't deserve to die in such a horrific way.,,Você tem certeza de que ela era uma boa pessoa.Ela com certeza não merecia morrer de uma forma tão horrível.,"Está segura de que era una buena persona, que seguramente no merecia morir de forma horrenda.",Você tem certeza de que ela era uma boa pessoa.Ela com certeza não merecia morrer de uma forma tão horrível.,Online,0.671,0.68
...Why is the world like this?,,...Por que o mundo é assim?,,...Por que o mundo é assim?,Online (Annie falhou),0.0,0.693
"How is it that you could do everything right, and still have something horrible happen to you?",,Como é que você pode fazer tudo certo e ainda assim algo horrível acontecer com você?,,Como é que você pode fazer tudo certo e ainda assim algo horrível acontecer com você?,Online (Annie falhou),0.0,0.672
You decide to sleep. Again.,,Você decide dormir.De novo.,"Usted decide dormir, de nuevo.",Você decide dormir.De novo.,Online,0.678,0.681
"And just like every night, you don't dream.",,"E assim como todas as noites, você não sonha.",,"E assim como todas as noites, você não sonha.",Online (Annie falhou),0.0,0.667
"On one hand, if you don't dream, you can't remind yourself that this situation does suck.",,"Por um lado, se você não sonha, não consegue se lembrar de que essa situação é uma droga.","Por un lado, si no se sonha, no se puede recordar a si mismo que esta situación es péssima.","Por un lado, si no se sonha, no se puede recordar a si mismo que esta situación es péssima.",Annie,0.653,0.644
"Plus, you don't have nightmares about how a stranger is gonna bust in to strangle you!",,"Além disso, você não tem pesadelos sobre como um estranho vai invadir você para estrangulá-lo!",,"Além disso, você não tem pesadelos sobre como um estranho vai invadir você para estrangulá-lo!",Online (Annie falhou),0.0,0.672
"...On the other hand, sleep is getting boring without dreams.",,"...Por outro lado, o sono fica chato sem sonhos.","...D'un autre côté, dormir se aborrece sans rêves.","...Por outro lado, o sono fica chato sem sonhos.",Online,0.65,0.668
Sleep just consists of your random thoughts bouncing off of each other.,,O sono consiste apenas em pensamentos aleatórios refletindo uns nos outros.,Dormir consiste en sus pensamientos aleatorios que rebotan entre si.,O sono consiste apenas em pensamentos aleatórios refletindo uns nos outros.,Online,0.631,0.674
It's too much like when you're awake.,,É muito parecido com quando você está acordado.,Parece demais quando se está acordado.,É muito parecido com quando você está acordado.,Online,0.614,0.661
Rise and shine!!! (Again!!!),,Levante-se e brilhe!!!(De novo!!!),Levante e brille!!! (De novo!!!),Levante-se e brilhe!!!(De novo!!!),Online,0.587,0.591
"Even though you got well over half a day of sleep, your eyes are still glued shut.",,"Mesmo que você tenha dormido bem mais de meio dia, seus olhos ainda estão colados.",,"Mesmo que você tenha dormido bem mais de meio dia, seus olhos ainda estão colados.",Online (Annie falhou),0.0,0.658
Not to mention that the sunlight makes you wanna clamp your eyes.,,Sem falar que a luz do sol dá vontade de fechar os olhos.,,Sem falar que a luz do sol dá vontade de fechar os olhos.,Online (Annie falhou),0.0,0.659
You don't enjoy sunlight.,,Você não gosta da luz solar.,,Você não gosta da luz solar.,Online (Annie falhou),0.0,0.677
"You don't even go out to feel its warmth: It's just a nuisance to you, something that stops you from...",,"Você nem sai para sentir seu calor: é apenas um incômodo para você, algo que te impede de...",,"Você nem sai para sentir seu calor: é apenas um incômodo para você, algo que te impede de...",Online (Annie falhou),0.0,0.648
You can't think of what it stops you from doing.,,Você não consegue pensar no que isso o impede de fazer.,No se puede pensar en lo que esto impide que se haga.,No se puede pensar en lo que esto impide que se haga.,Annie,0.685,0.678
\F[alice_depressed]\AA[F]...What am I doing?,,\F[alice_depressed]\AA[F]...O que estou fazendo?,,\F[alice_depressed]\AA[F]...O que estou fazendo?,Online (Annie falhou),0.0,0.658
\F[alice_no]\AA[F]What am I doing with my life?,,\F[alice_no]\AA[F]O que estou fazendo da minha vida?,,\F[alice_no]\AA[F]O que estou fazendo da minha vida?,Online (Annie falhou),0.0,0.662
"\F[alice_no]\AA[N]Rotting away, that's what!",,"\F[alice_no]\AA[N] Apodrecendo, é isso!",,"\F[alice_no]\AA[N] Apodrecendo, é isso!",Online (Annie falhou),0.0,0.597
\F[alice_no]\AA[N]It's in moments like these where you question everything.,,\F[alice_no]\AA[N]É em momentos como esse que você questiona tudo.,,\F[alice_no]\AA[N]É em momentos como esse que você questiona tudo.,Online (Annie falhou),0.0,0.663
\F[alice_no]\AA[N]No. You didn't question it when trash began piling up in your room.,,\F[alice_no]\AA[N]Não.Você não questionou quando o lixo começou a se acumular no seu quarto.,,\F[alice_no]\AA[N]Não.Você não questionou quando o lixo começou a se acumular no seu quarto.,Online (Annie falhou),0.0,0.665
"\F[alice_no]\AA[N]Nor did you question it when people showed up at your dorm with bills, letters of expulsion... all that good shit.",,"\F[alice_no]\AA[N]Você também não questionou quando pessoas apareceram no seu dormitório com contas, cartas de expulsão... todas essas merdas boas.",,"\F[alice_no]\AA[N]Você também não questionou quando pessoas apareceram no seu dormitório com contas, cartas de expulsão... todas essas merdas boas.",Online (Annie falhou),0.0,0.671
"\F[alice_no]\AA[N]Now that sunlight is hitting you, you question it.",,"\F[alice_no]\AA[N]Agora que a luz do sol está atingindo você, você questiona.",,"\F[alice_no]\AA[N]Agora que a luz do sol está atingindo você, você questiona.",Online (Annie falhou),0.0,0.657
\F[alice_no]\AA[N]Part of you wants to go over to the window and cover it up with something.,,\F[alice_no]\AA[N]Parte de você quer ir até a janela e cobri-la com alguma coisa.,,\F[alice_no]\AA[N]Parte de você quer ir até a janela e cobri-la com alguma coisa.,Online (Annie falhou),0.0,0.674
\F[alice_no]\AA[N]But you also don't want to see the dent you left in the bed from how long you've laid here.,,\F[alice_no]\AA[N]Mas você também não quer ver a marca que deixou na cama por quanto tempo ficou deitado aqui.,,\F[alice_no]\AA[N]Mas você também não quer ver a marca que deixou na cama por quanto tempo ficou deitado aqui.,Online (Annie falhou),0.0,0.631
\F[alice_no]\AA[N]It makes everything feel too real.,,\F[alice_no]\AA[N]Faz tudo parecer muito real.,,\F[alice_no]\AA[N]Faz tudo parecer muito real.,Online (Annie falhou),0.0,0.669
You hide from the light under the wrinkled covers.,,Você se esconde da luz sob as cobertas amassadas.,,Você se esconde da luz sob as cobertas amassadas.,Online (Annie falhou),0.0,0.662
"You don't sleep under there. You lay awake. The sunlight barely penetrates the thin fabric, but it's better than your eyes being fried.",,"Você não dorme aí embaixo.Você ficou acordado.A luz do sol mal penetra no tecido fino, mas é melhor do que fritar os olhos.",,"Você não dorme aí embaixo.Você ficou acordado.A luz do sol mal penetra no tecido fino, mas é melhor do que fritar os olhos.",Online (Annie falhou),0.0,0.639
There's nothing to distract you from your thoughts under the covers.,,Não há nada que o distraia dos seus pensamentos debaixo das cobertas.,,Não há nada que o distraia dos seus pensamentos debaixo das cobertas.,Online (Annie falhou),0.0,0.67
Nothing but the faint buzzing of flies around the garbage.,,Nada além do leve zumbido das moscas em volta do lixo.,,Nada além do leve zumbido das moscas em volta do lixo.,Online (Annie falhou),0.0,0.643
You try to make out little conversations the flies might be having.,,Você tenta entender pequenas conversas que as moscas possam estar tendo.,,Você tenta entender pequenas conversas que as moscas possam estar tendo.,Online (Annie falhou),0.0,0.669
Anything to distract you from your mind.,,Qualquer coisa para distraí-lo de sua mente.,Cualquier cosa para distraerte de tu mente.,Qualquer coisa para distraí-lo de sua mente.,Online,0.667,0.67
"After what feels like an eternity, the room is dark again.",,"Depois do que pareceu uma eternidade, a sala está escura novamente.",,"Depois do que pareceu uma eternidade, a sala está escura novamente.",Online (Annie falhou),0.0,0.676
You prop yourself up. Again.,,Você se sustenta.De novo.,Se apoye de nuevo.,Você se sustenta.De novo.,Online,0.585,0.642
\F[alice_frown]\AA[F]...Just another night. Of nothing.,,\F[alice_frown]\AA[F]...Só mais uma noite.De nada.,,\F[alice_frown]\AA[F]...Só mais uma noite.De nada.,Online (Annie falhou),0.0,0.652
\F[alice_depressed]\AA[F]That's what I expect.,,\F[alice_depressed]\AA[F]Isso é o que eu espero.,,\F[alice_depressed]\AA[F]Isso é o que eu espero.,Online (Annie falhou),0.0,0.659
\F[alice_depressed]\AA[N]Just like every single night since you caged yourself in here!,,\F[alice_depressed]\AA[N] Assim como todas as noites desde que você se enjaulou aqui!,,\F[alice_depressed]\AA[N] Assim como todas as noites desde que você se enjaulou aqui!,Online (Annie falhou),0.0,0.64
"\F[alice_depressed]\AA[N]...The only difference is that now, you're realizing how miserable it is.",,\F[alice_depressed]\AA[N]...A única diferença é que agora você está percebendo o quão miserável é.,,\F[alice_depressed]\AA[N]...A única diferença é que agora você está percebendo o quão miserável é.,Online (Annie falhou),0.0,0.674
Looks like you didn't turn off the TV last night.,,Parece que você não desligou a TV ontem à noite.,,Parece que você não desligou a TV ontem à noite.,Online (Annie falhou),0.0,0.683
Oh well. You were already behind on electricity bills. No use in caring now.,,Ah bem.Você já estava atrasado nas contas de luz.Não adianta se importar agora.,"Você ya estaba atrasado en facturas de electricidade, no sirve de nada para cuidar.","Você ya estaba atrasado en facturas de electricidade, no sirve de nada para cuidar.",Annie,0.671,0.67
"---Alice realizes there's no power---
BEAT 4",,"---Alice percebe que não há poder---
BATIDA 4",---Alice se rend compte que no existe poder----BAT 4,---Alice se rend compte que no existe poder----BAT 4,Annie,0.671,0.67
"Ah, looks like the TV's off.",,"Ah, parece que a TV está desligada.",,"Ah, parece que a TV está desligada.",Online (Annie falhou),0.0,0.667
You don't remember turning it off.,,Você não se lembra de ter desligado.,Você não se lembra de haberlo desligado.,Você não se lembra de haberlo desligado.,Annie,0.64,0.635
\F[alice_downturned]\AA[F]Guess that they finally cut the power... Explains why the lamp's off.,,\F[alice_downturned]\AA[F]Acho que finalmente cortaram a energia... Explica porque a lâmpada está apagada.,,\F[alice_downturned]\AA[F]Acho que finalmente cortaram a energia... Explica porque a lâmpada está apagada.,Online (Annie falhou),0.0,0.659
\F[alice_sleep]\AA[F]This day was coming.,,\F[alice_sleep]\AA[F]Esse dia estava chegando.,,\F[alice_sleep]\AA[F]Esse dia estava chegando.,Online (Annie falhou),0.0,0.658
\F[alice_sleep]\AA[N]Aaaaaaand now your one source of entertainment is gone!,,\F[alice_sleep]\AA[N]Aaaaaa e agora sua única fonte de entretenimento se foi!,,\F[alice_sleep]\AA[N]Aaaaaa e agora sua única fonte de entretenimento se foi!,Online (Annie falhou),0.0,0.646
\F[alice_depressed]\AA[F]...All that can keep me occupied now are my thoughts... or sleep.,,\F[alice_depressed]\AA[F]...Tudo o que pode me manter ocupado agora são meus pensamentos... ou sono.,,\F[alice_depressed]\AA[F]...Tudo o que pode me manter ocupado agora são meus pensamentos... ou sono.,Online (Annie falhou),0.0,0.678
\F[alice_no]\AA[F]What does it matter that the power's gone? Most of my time is spent sleeping and thinking anyways.,,\F[alice_no]\AA[F]O que importa se a energia acabou?Passo a maior parte do tempo dormindo e pensando de qualquer maneira.,,\F[alice_no]\AA[F]O que importa se a energia acabou?Passo a maior parte do tempo dormindo e pensando de qualquer maneira.,Online (Annie falhou),0.0,0.665
\F[alice_no]\AA[N]White noise rings in your mind. Your stomach grumbles with hollowness.,,\F[alice_no]\AA[N]Ruído branco ressoa em sua mente.Seu estômago ronca de vazio.,,\F[alice_no]\AA[N]Ruído branco ressoa em sua mente.Seu estômago ronca de vazio.,Online (Annie falhou),0.0,0.611
\F[alice_no]\AA[N]And your eyes just don't want to stay open.,,\F[alice_no]\AA[N]E seus olhos simplesmente não querem ficar abertos.,,\F[alice_no]\AA[N]E seus olhos simplesmente não querem ficar abertos.,Online (Annie falhou),0.0,0.647
"\F[alice_no]\AA[N]Regardless of if you sleep for 3 or 18 hours, your eyes want to stay clamped shut in eternal slumber.",,"\F[alice_no]\AA[N]Independentemente de você dormir 3 ou 18 horas, seus olhos querem permanecer fechados em um sono eterno.",,"\F[alice_no]\AA[N]Independentemente de você dormir 3 ou 18 horas, seus olhos querem permanecer fechados em um sono eterno.",Online (Annie falhou),0.0,0.665
"Your eyes give in, and darkness is all you see.",,Seus olhos cederam e a escuridão é tudo que você vê.,,Seus olhos cederam e a escuridão é tudo que você vê.,Online (Annie falhou),0.0,0.637
"Your other senses are heightened, but even they feel dull.",,"Seus outros sentidos estão aguçados, mas até eles parecem embotados.","Vos outros sentidos están intensificados, mas incluso se senten aborrecidos.","Vos outros sentidos están intensificados, mas incluso se senten aborrecidos.",Annie,0.666,0.66
You know that it smells slightly worse in here than usual. ,,Você sabe que o cheiro aqui é um pouco pior do que o normal.,Sabe que odora un poco peor aquí que de costumbre.,Você sabe que o cheiro aqui é um pouco pior do que o normal.,Online,0.646,0.671
You're used to the stench of mold and rotting wood.,,Você está acostumado com o cheiro de mofo e madeira podre.,Você está acostumbrado al fedor de molde e madeira putrefacta.,Você está acostumado com o cheiro de mofo e madeira podre.,Online,0.65,0.664
But you're beginning to pick up the odor of decaying meat.,,Mas você está começando a sentir o odor de carne em decomposição.,,Mas você está começando a sentir o odor de carne em decomposição.,Online (Annie falhou),0.0,0.666
The flies are gonna love that.,,As moscas vão adorar isso.,,As moscas vão adorar isso.,Online (Annie falhou),0.0,0.604
You wake up from another dreamless night.,,Você acorda de mais uma noite sem sonhos.,Te levantas de otra noche sin sueños.,Te levantas de otra noche sin sueños.,Annie,0.667,0.663
That's good. Nothing to remind you of what you could be missing out on.,,Isso é bom.Nada para lembrá-lo do que você pode estar perdendo.,Nada que te recuerde de lo que podrías estar perdendo.,Isso é bom.Nada para lembrá-lo do que você pode estar perdendo.,Online,0.648,0.651
And... it's night?,,E... é noite?,E... é noite?,E... é noite?,Annie,0.642,0.642
"You either slept for only a few hours, or for an entire day!",,Você dormiu apenas algumas horas ou o dia inteiro!,"O dormiste durante apenas algunas horas, o durante un día entero!","O dormiste durante apenas algunas horas, o durante un día entero!",Annie,0.663,0.653
\F[alice_eyeopen]\AA[F]...I'm probably going to fall right back asleep any minute.,,\F[alice_eyeopen]\AA[F]...Provavelmente vou voltar a dormir a qualquer minuto.,,\F[alice_eyeopen]\AA[F]...Provavelmente vou voltar a dormir a qualquer minuto.,Online (Annie falhou),0.0,0.652
\F[alice_eyeopen]\AA[N]You're starting to wish that you'd stay asleep forever.,,\F[alice_eyeopen]\AA[N]Você está começando a desejar dormir para sempre.,,\F[alice_eyeopen]\AA[N]Você está começando a desejar dormir para sempre.,Online (Annie falhou),0.0,0.663
A very useless TV.,,Uma TV muito inútil.,Una TV muy inútil.,Uma TV muito inútil.,Online,0.682,0.682
Trash bin,,Lixeira,Cesta,Lixeira,Online,0.557,0.586
<Hitbox Right: 1><Click Trigger>,,,<Hitbox Dright: 1><Click Trigger>,<Hitbox Dright: 1><Click Trigger>,Annie (Rival vazio),0.625,0.0
You're so tired most of the time that you can't even bring yourself to put the trash in here.,,Você fica tão cansado a maior parte do tempo que nem consegue colocar o lixo aqui.,,Você fica tão cansado a maior parte do tempo que nem consegue colocar o lixo aqui.,Online (Annie falhou),0.0,0.665
Why do you have a trash bin if you never use it?,,Por que você tem uma lixeira se nunca a usa?,,Por que você tem uma lixeira se nunca a usa?,Online (Annie falhou),0.0,0.669
You can barely smell the rotting trash from here.,,Você mal consegue sentir o cheiro do lixo podre daqui.,,Você mal consegue sentir o cheiro do lixo podre daqui.,Online (Annie falhou),0.0,0.659
Mostly because it blends in with the rest of the odors.,,Principalmente porque se mistura com o resto dos odores.,,Principalmente porque se mistura com o resto dos odores.,Online (Annie falhou),0.0,0.67
Trash,,Lixo,Cesárea,Lixo,Online,0.557,0.592
<Hitbox Right: 4><Hitbox Up: 1><Click Trigger>,,,<Hitbox Dright: 4><Hitbox Up: 1><Click Trigger>,<Hitbox Dright: 4><Hitbox Up: 1><Click Trigger>,Annie (Rival vazio),0.628,0.0
The trash has piled up so much that it almost covers the windows.,,O lixo se acumulou tanto que quase cobre as janelas.,,O lixo se acumulou tanto que quase cobre as janelas.,Online (Annie falhou),0.0,0.629
\F[alice_neutral]\AA[F]I would take out the garbage...,,\F[alice_neutral]\AA[F]Eu levaria o lixo para fora...,,\F[alice_neutral]\AA[F]Eu levaria o lixo para fora...,Online (Annie falhou),0.0,0.63
\F[alice_no]\AA[F]...If I didn't have to go outside.,,\F[alice_no]\AA[F]...Se eu não tivesse que sair.,,\F[alice_no]\AA[F]...Se eu não tivesse que sair.,Online (Annie falhou),0.0,0.643
It's only now that you realize how overpowering the stench is.,,Só agora você percebe o quão insuportável é o fedor.,,Só agora você percebe o quão insuportável é o fedor.,Online (Annie falhou),0.0,0.655
You feel bad for whoever lives on this floor of the dorms.,,Você se sente mal por quem mora neste andar dos dormitórios.,,Você se sente mal por quem mora neste andar dos dormitórios.,Online (Annie falhou),0.0,0.659
But that guilt isn't enough to drag you out.,,Mas essa culpa não é suficiente para arrastá-lo.,,Mas essa culpa não é suficiente para arrastá-lo.,Online (Annie falhou),0.0,0.666
You're surprised that no one's shown up at your door complaining about this.,,Você está surpreso que ninguém tenha aparecido na sua porta reclamando disso.,Você está sorprendido de que nadie haya aparecido a su puerta reclamando de esto.,Você está surpreso que ninguém tenha aparecido na sua porta reclamando disso.,Online,0.679,0.683
"Gone is the foul odor of garbage, replaced by just the scent of your room.",,"O odor desagradável do lixo desapareceu, sendo substituído apenas pelo cheiro do seu quarto.",,"O odor desagradável do lixo desapareceu, sendo substituído apenas pelo cheiro do seu quarto.",Online (Annie falhou),0.0,0.675
flies,,moscas,moscas,moscas,Annie,0.59,0.59
Light,,Luz,Luz,Luz,Annie,0.587,0.587
<Click Trigger>,,,<Click Trigger>,<Click Trigger>,Annie (Rival vazio),0.583,0.0
You used to actually use this for studying.,,Você costumava usar isso para estudar.,Você usaba esto para estudiar.,Você costumava usar isso para estudar.,Online,0.685,0.687
"Now, it just eats up energy you haven't paid for in weeks.",,"Agora, isso apenas consome energia pela qual você não paga há semanas.","Ahora, consume energia que você não paga desde hace semanas.","Agora, isso apenas consome energia pela qual você não paga há semanas.",Online,0.67,0.676
\F[alice_drool]\AA[F]Strange... it's off.,,\F[alice_drool]\AA[F]Estranho... está desligado.,,\F[alice_drool]\AA[F]Estranho... está desligado.,Online (Annie falhou),0.0,0.617
"<Sprite Offset: +0, +8>",,,"<Sprite Offset: +0, +8>","<Sprite Offset: +0, +8>",Annie (Rival vazio),0.636,0.0
Exit,,Sair,Sortie,Sair,Online,0.579,0.599
<Hitbox Down: 1>,,<Hitbox para baixo: 1>,<Hitbox Down: 1>,<Hitbox Down: 1>,Annie,0.617,0.615
You haven't stepped outside of your room for a very long time.,,Você não sai do seu quarto há muito tempo.,,Você não sai do seu quarto há muito tempo.,Online (Annie falhou),0.0,0.664
You only ever go here to pick up takeout.,,Você só vai aqui para pegar comida.,Ustedes sólo vienen aquí para recoger comidas de take out.,Você só vai aqui para pegar comida.,Online,0.654,0.665
"At the rate you're going, you'll never make it here.",,"No ritmo que você está indo, você nunca conseguirá chegar aqui.","Al ritmo que vas, nunca conseguirás llegar aquí.","Al ritmo que vas, nunca conseguirás llegar aquí.",Annie,0.67,0.663
Wall,,Parede,Mura,Parede,Online,0.587,0.593
<Hitbox Down: 1><Hitbox Right: 2><Click Trigger>,,,<Hitbox Down: 1><Hitbox Dright: 2><Click Trigger>,<Hitbox Down: 1><Hitbox Dright: 2><Click Trigger>,Annie (Rival vazio),0.641,0.0
You've been meaning to call someone to fix this.,,Você queria ligar para alguém para consertar isso.,Você a querido llamar a alguien para arreglar esto.,Você queria ligar para alguém para consertar isso.,Online,0.662,0.675
"Alas, the stench of rotting wood is nothing for you! Not when you live with the flies!",,"Infelizmente, o fedor de madeira podre não é nada para você!Não quando você vive com as moscas!",,"Infelizmente, o fedor de madeira podre não é nada para você!Não quando você vive com as moscas!",Online (Annie falhou),0.0,0.665
You're just waiting for the day for that wall to completely fall apart.,,Você está apenas esperando o dia em que aquela parede desmorone completamente.,,Você está apenas esperando o dia em que aquela parede desmorone completamente.,Online (Annie falhou),0.0,0.678
The wall looks a tad bit moldier than usual.,,A parede parece um pouco mais mofada do que o normal.,La pared parece un poco más mofada que de costumbre.,La pared parece un poco más mofada que de costumbre.,Annie,0.672,0.672
You can't even smell the rotting wood anymore.,,Você não consegue mais sentir o cheiro da madeira podre.,,Você não consegue mais sentir o cheiro da madeira podre.,Online (Annie falhou),0.0,0.683
You just smell your room.,,Você apenas sente o cheiro do seu quarto.,,Você apenas sente o cheiro do seu quarto.,Online (Annie falhou),0.0,0.668
Coffee,,Café,Café,Café,Annie,0.658,0.658
You haven't bothered to clean that up.,,Você não se preocupou em limpar isso.,No se ha molestado en limpiar eso.,Você não se preocupou em limpar isso.,Online,0.63,0.661
Too much of a hassle when you already live in filth.,,É muito incômodo quando você já vive na sujeira.,,É muito incômodo quando você já vive na sujeira.,Online (Annie falhou),0.0,0.661
Napkin,,Guardanapo,cuna,Guardanapo,Online,0.546,0.575
Looks like the floor has become your trash bin for tissues!,,Parece que o chão virou sua lixeira para lenços de papel!,,Parece que o chão virou sua lixeira para lenços de papel!,Online (Annie falhou),0.0,0.672
Box,,Caixa,Caixa,Caixa,Annie,0.674,0.674
"<Click Trigger><Sprite Offset: +0, +16>",,,"<Click Trigger><Sprite Offset: +0, +16>","<Click Trigger><Sprite Offset: +0, +16>",Annie (Rival vazio),0.628,0.0
"Even though you've lived in this dorm for some time, you never finished unpacking.",,"Mesmo que você já more neste dormitório há algum tempo, você nunca terminou de desfazer as malas.","A pesar de que vives en este dormitorio desde hace algún tiempo, nunca acabas de desempacotar.","A pesar de que vives en este dormitorio desde hace algún tiempo, nunca acabas de desempacotar.",Annie,0.676,0.666
Looks like it's gonna stay that way.,,Parece que vai continuar assim.,Parece que continuará así.,Parece que continuará así.,Annie,0.677,0.662
You know that the stuff in this box is from your past life.,,Você sabe que as coisas nesta caixa são de sua vida passada.,,Você sabe que as coisas nesta caixa são de sua vida passada.,Online (Annie falhou),0.0,0.68
It almost makes you sad that the final remnant of it is being left in this rotting dormitory with you.,,Quase te deixa triste que o resto final esteja sendo deixado neste dormitório apodrecido com você.,,Quase te deixa triste que o resto final esteja sendo deixado neste dormitório apodrecido com você.,Online (Annie falhou),0.0,0.652
Bed,,Cama,Cama,Cama,Annie,0.587,0.587
<Hitbox Right: 4><Click Trigger>,,,<Hitbox Droite: 4><Click Trigger>,<Hitbox Droite: 4><Click Trigger>,Annie (Rival vazio),0.634,0.0
"Your lovely, food-stained bed!",,Sua linda cama manchada de comida!,Su encantadora cama manchada de comida!,Su encantadora cama manchada de comida!,Annie,0.633,0.613
It's more of a home to you than this dorm!,,É mais um lar para você do que este dormitório!,,É mais um lar para você do que este dormitório!,Online (Annie falhou),0.0,0.636
"...Looking closer into the crevice between the mattress and the wall, there's something... weird?",,"...Olhando mais de perto na fenda entre o colchão e a parede, tem algo... estranho?",,"...Olhando mais de perto na fenda entre o colchão e a parede, tem algo... estranho?",Online (Annie falhou),0.0,0.676
Your very food-stained bed.,,Sua cama muito manchada de comida.,Su cama manchada de comida.,Sua cama muito manchada de comida.,Online,0.598,0.639
Laying here for so long has left a massive indentation in the bed.,,Ficar deitado aqui por tanto tempo deixou uma marca enorme na cama.,Deitar aqui por tanto tempo deixou uma indentação maciça na cama.,Ficar deitado aqui por tanto tempo deixou uma marca enorme na cama.,Online,0.658,0.662
You feel almost embarrassed by it.,,Você se sente quase envergonhado por isso.,Se siente casi avergonzado por ello.,Você se sente quase envergonhado por isso.,Online,0.65,0.664
But you know that no one comes here anyways!,,Mas você sabe que ninguém vem aqui de qualquer maneira!,,Mas você sabe que ninguém vem aqui de qualquer maneira!,Online (Annie falhou),0.0,0.677
You feel tethered to the bed by now.,,Você se sente amarrado à cama agora.,,Você se sente amarrado à cama agora.,Online (Annie falhou),0.0,0.663
You've been here for so long... why bother leaving?,,Você está aqui há tanto tempo... por que se preocupar em ir embora?,Você está aquí há tanto tiempo... por que se importa de partir?,Você está aqui há tanto tempo... por que se preocupar em ir embora?,Online,0.676,0.677
Alice_stand,,Alice_stand,Alice_stand,Alice_stand,Annie,0.653,0.653
"<Sprite Offset: +32, +0>",,,"<Sprite Offset: +32, +0>","<Sprite Offset: +32, +0>",Annie (Rival vazio),0.627,0.0
Rot,,Podridão,Rote,Rote,Annie,0.655,0.572
"<Click Trigger><Sprite Offset: +0, +4>",,,"<Click Trigger><Sprite Offset: +0, +4>","<Click Trigger><Sprite Offset: +0, +4>",Annie (Rival vazio),0.636,0.0
"---Alice discovers rot---
BEAT 3",,"---Alice descobre podridão---
BATIDA 3",---Alice découvre putrefaça----BAT 3,"---Alice descobre podridão---
BATIDA 3",Online,0.606,0.629
\F[alice_neutral]\AA[F]Huh? What's this?,,\F[alice_neutral]\AA[F]Eh?O que é isso?,,\F[alice_neutral]\AA[F]Eh?O que é isso?,Online (Annie falhou),0.0,0.658
\F[alice_neutral]\AA[N]You can't discern what it is. Maybe it's a plant of some kind?,,\F[alice_neutral]\AA[N]Você não consegue discernir o que é.Talvez seja algum tipo de planta?,,\F[alice_neutral]\AA[N]Você não consegue discernir o que é.Talvez seja algum tipo de planta?,Online (Annie falhou),0.0,0.676
\F[alice_neutral]\AA[N]You don't know what it would be living off of.,,\F[alice_neutral]\AA[N]Você não sabe do que seria viver.,,\F[alice_neutral]\AA[N]Você não sabe do que seria viver.,Online (Annie falhou),0.0,0.633
\F[alice_neutral]\AA[N]Maybe off of the food scraps under your bed?,,\F[alice_neutral]\AA[N]Talvez dos restos de comida debaixo da sua cama?,,\F[alice_neutral]\AA[N]Talvez dos restos de comida debaixo da sua cama?,Online (Annie falhou),0.0,0.636
\F[alice_neutral]\AA[N]Maybe off of the decaying wood?,,\F[alice_neutral]\AA[N]Talvez da madeira em decomposição?,,\F[alice_neutral]\AA[N]Talvez da madeira em decomposição?,Online (Annie falhou),0.0,0.607
"\F[alice_no]\AA[F]No use in wondering about it, though.",,"\F[alice_no]\AA[F]No entanto, não adianta ficar pensando sobre isso.",,"\F[alice_no]\AA[F]No entanto, não adianta ficar pensando sobre isso.",Online (Annie falhou),0.0,0.663
\F[alice_nap]\AA[F]...No use in wondering about anything now.,,\F[alice_nap]\AA[F]...Não adianta ficar pensando em nada agora.,,\F[alice_nap]\AA[F]...Não adianta ficar pensando em nada agora.,Online (Annie falhou),0.0,0.657
"You lay back down in bed, stomach completely empty.",,"Você se deita na cama, com o estômago completamente vazio.",,"Você se deita na cama, com o estômago completamente vazio.",Online (Annie falhou),0.0,0.669
"As the days go on and on, you feel like your head's becoming more empty.",,"Com o passar dos dias, você sente que sua cabeça fica mais vazia.",,"Com o passar dos dias, você sente que sua cabeça fica mais vazia.",Online (Annie falhou),0.0,0.679
"You can remember how when you were younger, the lives of you and your sister were filled with joy and whimsy...",,"Você pode se lembrar de como, quando era mais jovem, a vida sua e da sua irmã era cheia de alegria e capricho...",,"Você pode se lembrar de como, quando era mais jovem, a vida sua e da sua irmã era cheia de alegria e capricho...",Online (Annie falhou),0.0,0.679
"(As much as you can get in Libretto City, at least!)",,"(Tanto quanto você conseguir em Libretto City, pelo menos!)",(Al menos tanto como se puede conseguir en Libretto City!),(Al menos tanto como se puede conseguir en Libretto City!),Annie,0.659,0.656
You know that your sister's off being productive. Working in forensics of some kind.,,Você sabe que sua irmã está sendo produtiva.Trabalhando em algum tipo de perícia.,"Tu sabes que tu hermana está fuera de ser productiva, trabajando en forenses de algún tipo.","Tu sabes que tu hermana está fuera de ser productiva, trabajando en forenses de algún tipo.",Annie,0.666,0.654
"Heck, she's probably working on Emma Greenwood's case right as you rot!",,"Caramba, ela provavelmente está trabalhando no caso de Emma Greenwood enquanto você apodrece!",,"Caramba, ela provavelmente está trabalhando no caso de Emma Greenwood enquanto você apodrece!",Online (Annie falhou),0.0,0.654
...How would she feel if she saw me like this?,,...Como ela se sentiria se me visse assim?,...como se sentiría si me visse así?,...como se sentiría si me visse así?,Annie,0.645,0.638
Everyone in my family thinks I'm off getting some psychology degree.,,Todos na minha família pensam que estou me formando em psicologia.,,Todos na minha família pensam que estou me formando em psicologia.,Online (Annie falhou),0.0,0.667
They all think I'm actually doing something with my life...,,Todos pensam que estou realmente fazendo algo com a minha vida...,,Todos pensam que estou realmente fazendo algo com a minha vida...,Online (Annie falhou),0.0,0.681
When I'm just... rotting.,,Quando estou... apodrecendo.,Quando estou... apodrecendo.,Quando estou... apodrecendo.,Annie,0.59,0.59
That's the best word for it.,,Essa é a melhor palavra para isso.,É a melhor palavra para ello.,Essa é a melhor palavra para isso.,Online,0.634,0.678
I used to be something. Someone. Now I'm just some husk...,,Eu costumava ser alguma coisa.Alguém.Agora sou apenas uma casca...,"Antes era algo, alguien, ahora soy apenas una cascada...",Eu costumava ser alguma coisa.Alguém.Agora sou apenas uma casca...,Online,0.648,0.649
"...You remember when Emma came to check up on you, she asked if anything had happened.",,"...Você se lembra quando Emma veio ver você, ela perguntou se alguma coisa tinha acontecido.",,"...Você se lembra quando Emma veio ver você, ela perguntou se alguma coisa tinha acontecido.",Online (Annie falhou),0.0,0.688
"You tried to pinpoint what happened. You're still trying, to be quite frank.",,"Você tentou identificar o que aconteceu.Você ainda está tentando, para ser franco.","Vous avez tentado de localizar lo qu'est acontecido, você está todavía tentando, para ser franca.","Você tentou identificar o que aconteceu.Você ainda está tentando, para ser franco.",Online,0.661,0.682
"At least if something did happen to you, this state of your life would be justified, right?",,"Pelo menos se algo acontecesse com você, esse estado da sua vida seria justificado, certo?","Al menos si algo te sucediera, este estado de tu vida sería justificado, certo?","Al menos si algo te sucediera, este estado de tu vida sería justificado, certo?",Annie,0.686,0.685
Maybe it wasn't a single bad thing that happened.,,Talvez não tenha sido uma única coisa ruim que aconteceu.,Peut-être que no acontecia nada malo.,Talvez não tenha sido uma única coisa ruim que aconteceu.,Online,0.637,0.682
Maybe it was a bunch of smaller things piling up.,,Talvez fosse um monte de coisas menores se acumulando.,Peut-être que era un puñado de coisas menores apilando.,Talvez fosse um monte de coisas menores se acumulando.,Online,0.644,0.662
"Even though you've spent the better part of the day sleeping, you're too tired to think.",,"Mesmo que você tenha passado a maior parte do dia dormindo, você está cansado demais para pensar.",,"Mesmo que você tenha passado a maior parte do dia dormindo, você está cansado demais para pensar.",Online (Annie falhou),0.0,0.68
You just want rest.,,Você só quer descansar.,Usted sólo quiere descansar.,Você só quer descansar.,Online,0.671,0.691
It's been long overdue.,,Já faz muito tempo.,Faz muito tempo que está atrasado.,Faz muito tempo que está atrasado.,Annie,0.638,0.598
"When you wake up, the sun is blaring on you, and your little plant friend.",,"Quando você acorda, o sol está brilhando sobre você e sua amiguinha planta.",,"Quando você acorda, o sol está brilhando sobre você e sua amiguinha planta.",Online (Annie falhou),0.0,0.672
\F[alice_lemmesleep]\AA[F]Ngh... why's there so much sunlight out there?,,\F[alice_lemmesleep]\AA[F]Ngh... por que há tanta luz solar lá fora?,,\F[alice_lemmesleep]\AA[F]Ngh... por que há tanta luz solar lá fora?,Online (Annie falhou),0.0,0.65
"\F[alice_no]\AA[F]Libretto City is usually all dark and gloomy, why's it all bright now of all times?",,"\F[alice_no]\AA[F]Libretto City geralmente é escura e sombria, por que está tão clara agora?",,"\F[alice_no]\AA[F]Libretto City geralmente é escura e sombria, por que está tão clara agora?",Online (Annie falhou),0.0,0.643
"\F[alice_no]\AA[N]Sometimes, you like to think that it's sunny because you're not out there.",,\F[alice_no]\AA[N]Às vezes você gosta de pensar que está ensolarado porque você não está lá fora.,,\F[alice_no]\AA[N]Às vezes você gosta de pensar que está ensolarado porque você não está lá fora.,Online (Annie falhou),0.0,0.657
\F[alice_no]\AA[N]Self aggrandizing? Fuck yeah.,,"\F[alice_no]\AA[N]Auto engrandecedor?Porra, sim.",,"\F[alice_no]\AA[N]Auto engrandecedor?Porra, sim.",Online (Annie falhou),0.0,0.596
"\F[alice_no]\AA[N]Funny? Hell yeah. At least, it's funny in your mind.",,"\F[alice_no]\AA[N]Engraçado?Claro que sim.Pelo menos, é engraçado em sua mente.",,"\F[alice_no]\AA[N]Engraçado?Claro que sim.Pelo menos, é engraçado em sua mente.",Online (Annie falhou),0.0,0.643
\F[alice_depressed]\AA[F]...Seeing the sun out reminds me that everyone's out there doing stuff.,,\F[alice_depressed]\AA[F]...Ver o sol me lembra que todo mundo está fazendo coisas.,,\F[alice_depressed]\AA[F]...Ver o sol me lembra que todo mundo está fazendo coisas.,Online (Annie falhou),0.0,0.67
"\F[alice_no]\AA[F]At least in the night, people are doing what I do, for the most part.",,"\F[alice_no]\AA[F]Pelo menos à noite, a maior parte das pessoas estão fazendo o que eu faço.",,"\F[alice_no]\AA[F]Pelo menos à noite, a maior parte das pessoas estão fazendo o que eu faço.",Online (Annie falhou),0.0,0.662
"\F[alice_drool]\AA[F]Eating, watching TV, and sleeping.",,"\F[alice_drool]\AA[F]Comer, assistir TV e dormir.",,"\F[alice_drool]\AA[F]Comer, assistir TV e dormir.",Online (Annie falhou),0.0,0.623
\F[alice_sleep]\AA[F]...,,\F[alice_sleep]\AA[F]...,,\F[alice_sleep]\AA[F]...,Online (Annie falhou),0.0,0.615
\F[alice_depressed]\AA[F]...But I know that's not true when the sun is shining.,,\F[alice_depressed]\AA[F]...Mas eu sei que isso não é verdade quando o sol está brilhando.,,\F[alice_depressed]\AA[F]...Mas eu sei que isso não é verdade quando o sol está brilhando.,Online (Annie falhou),0.0,0.661
You lay back down. Again.,,Você se deitou.De novo.,Deite-se de nuevo.,Você se deitou.De novo.,Online,0.611,0.658
You truly hate being reminded of what you could be doing instead of laying in bed all day.,,"Você realmente odeia ser lembrado do que poderia estar fazendo, em vez de ficar deitado na cama o dia todo.",,"Você realmente odeia ser lembrado do que poderia estar fazendo, em vez de ficar deitado na cama o dia todo.",Online (Annie falhou),0.0,0.679
You know it's your fault that you're like this.,,Você sabe que é sua culpa ser assim.,Sabes que tu culpa es tuya por ser así.,Você sabe que é sua culpa ser assim.,Online,0.638,0.67
"You struggle to sleep through the day, lost in thought.",,"Você luta para dormir durante o dia, perdido em pensamentos.",,"Você luta para dormir durante o dia, perdido em pensamentos.",Online (Annie falhou),0.0,0.665
I know that some people out there feel the exact way that I do.,,Eu sei que algumas pessoas por aí se sentem exatamente da mesma maneira que eu.,,Eu sei que algumas pessoas por aí se sentem exatamente da mesma maneira que eu.,Online (Annie falhou),0.0,0.679
But it manifests so differently for people...,,Mas isso se manifesta de maneira tão diferente para as pessoas...,,Mas isso se manifesta de maneira tão diferente para as pessoas...,Online (Annie falhou),0.0,0.685
Some people just turn to alcohol...,,Algumas pessoas simplesmente recorrem ao álcool...,Certaines personas se vuelven alcohólicas...,Algumas pessoas simplesmente recorrem ao álcool...,Online,0.684,0.69
Some turn to adrenaline hunting...,,Alguns recorrem à caça à adrenalina...,,Alguns recorrem à caça à adrenalina...,Online (Annie falhou),0.0,0.682
Some throw themselves into their work and become even more productive...,,Alguns se dedicam ao trabalho e se tornam ainda mais produtivos...,,Alguns se dedicam ao trabalho e se tornam ainda mais produtivos...,Online (Annie falhou),0.0,0.68
I think that any of those people are more productive than I am.,,Acho que qualquer uma dessas pessoas é mais produtiva do que eu.,Penso que cualquiera de esas personas es más productiva que yo.,Penso que cualquiera de esas personas es más productiva que yo.,Annie,0.687,0.677
Even the alcoholic and adrenaline junkie.,,Até mesmo o alcoólatra e viciado em adrenalina.,,Até mesmo o alcoólatra e viciado em adrenalina.,Online (Annie falhou),0.0,0.678
Because at least they're putting themselves out into the world...,,Porque pelo menos eles estão se expondo ao mundo...,Porque al menos se están poniendo al mundo...,Porque pelo menos eles estão se expondo ao mundo...,Online,0.63,0.674
Why do my feelings manifest in this way?,,Por que meus sentimentos se manifestam dessa maneira?,Por qué mis sentimientos se manifiestan de esta forma?,Por qué mis sentimientos se manifiestan de esta forma?,Annie,0.694,0.69
Night falls yet again!,,A noite cai mais uma vez!,La nuit cae de novo!,La nuit cae de novo!,Annie,0.658,0.652
Just like every. Single. Night.,,Assim como todos.Solteiro.Noite.,"Como cada uno, solteiro, solteiro, noite.","Como cada uno, solteiro, solteiro, noite.",Annie,0.625,0.621
Do you know how insanity is defined?,,Você sabe como se define a insanidade?,,Você sabe como se define a insanidade?,Online (Annie falhou),0.0,0.69
"You really should, considering that you barely survived 1 semester of university!",,"Você realmente deveria, considerando que mal sobreviveu a 1 semestre de universidade!","Realmente deberías, considerando que apenas has sobrevivido a 1 semestre de universidade!","Realmente deberías, considerando que apenas has sobrevivido a 1 semestre de universidade!",Annie,0.672,0.647
\F[alice_no]\AA[F]...,,\F[alice_no]\AA[F]...,,\F[alice_no]\AA[F]...,Online (Annie falhou),0.0,0.615
"\F[alice_no]\AA[N]No answer? Ah, shucks.",,"\F[alice_no]\AA[N]Sem resposta?Ah, que merda.",,"\F[alice_no]\AA[N]Sem resposta?Ah, que merda.",Online (Annie falhou),0.0,0.614
\F[alice_no]\AA[N]Explains why you stopped attending class.,,\F[alice_no]\AA[N]Explica por que você parou de frequentar as aulas.,,\F[alice_no]\AA[N]Explica por que você parou de frequentar as aulas.,Online (Annie falhou),0.0,0.673
"\F[alice_no]\AA[N]Insanity is when you do the same thing over and over again, expecting a different result.",,"\F[alice_no]\AA[N]Insanidade é quando você faz a mesma coisa repetidamente, esperando um resultado diferente.",,"\F[alice_no]\AA[N]Insanidade é quando você faz a mesma coisa repetidamente, esperando um resultado diferente.",Online (Annie falhou),0.0,0.675
\F[alice_no]\AA[N]That's exactly what you're doing!,,\F[alice_no]\AA[N]Isso é exatamente o que você está fazendo!,,\F[alice_no]\AA[N]Isso é exatamente o que você está fazendo!,Online (Annie falhou),0.0,0.661
\F[alice_depressed]\AA[F]...The thing is that I know nothing's gonna change.,,\F[alice_depressed]\AA[F]...Acontece que sei que nada vai mudar.,,\F[alice_depressed]\AA[F]...Acontece que sei que nada vai mudar.,Online (Annie falhou),0.0,0.652
"\F[alice_no]\AA[F]No shit, it isn't. I know that every single day is the same.",,"\F[alice_no]\AA[F]Não, merda, não é.Eu sei que todos os dias são iguais.",,"\F[alice_no]\AA[F]Não, merda, não é.Eu sei que todos os dias são iguais.",Online (Annie falhou),0.0,0.669
"\F[alice_depressed]\AA[F]...But how different am I compared to other people, then?",,"\F[alice_depressed]\AA[F]...Mas quão diferente eu sou em comparação com outras pessoas, então?",,"\F[alice_depressed]\AA[F]...Mas quão diferente eu sou em comparação com outras pessoas, então?",Online (Annie falhou),0.0,0.674
"\F[alice_depressed]\AA[N]...Alright, good point.",,"\F[alice_depressed]\AA[N]...Tudo bem, bom argumento.",,"\F[alice_depressed]\AA[N]...Tudo bem, bom argumento.",Online (Annie falhou),0.0,0.641
"\F[alice_depressed]\AA[N]The way that you view it, with regards to insanity, you're the same as most people.",,"\F[alice_depressed]\AA[N]Do jeito que você vê as coisas, no que diz respeito à insanidade, você é igual à maioria das pessoas.",,"\F[alice_depressed]\AA[N]Do jeito que você vê as coisas, no que diz respeito à insanidade, você é igual à maioria das pessoas.",Online (Annie falhou),0.0,0.674
\F[alice_depressed]\AA[N]People go to university expecting to outshine their peers...,,\F[alice_depressed]\AA[N]As pessoas vão para a universidade esperando ofuscar seus colegas...,,\F[alice_depressed]\AA[N]As pessoas vão para a universidade esperando ofuscar seus colegas...,Online (Annie falhou),0.0,0.669
\F[alice_depressed]\AA[N]Even if they're reusing the same study habits from high school.,,\F[alice_depressed]\AA[N]Emesmo que estejam reutilizando os mesmos hábitos de estudo do ensino médio.,,\F[alice_depressed]\AA[N]Emesmo que estejam reutilizando os mesmos hábitos de estudo do ensino médio.,Online (Annie falhou),0.0,0.669
"\F[alice_depressed]\AA[N]People go to work every single day, doing random stuff for an apathetic boss...",,"\F[alice_depressed]\AA[N]As pessoas vão trabalhar todos os dias, fazendo coisas aleatórias para um chefe apático...",,"\F[alice_depressed]\AA[N]As pessoas vão trabalhar todos os dias, fazendo coisas aleatórias para um chefe apático...",Online (Annie falhou),0.0,0.682
"\F[alice_depressed]\AA[N]Expecting that out of all of the other employees, they'll be the ones to get rich.",,"\F[alice_depressed]\AA[N]Esperando que, de todos os outros funcionários, sejam eles os que ficarão ricos.",,"\F[alice_depressed]\AA[N]Esperando que, de todos os outros funcionários, sejam eles os que ficarão ricos.",Online (Annie falhou),0.0,0.658
\F[alice_depressed]\AA[N]It's all the same to you.,,\F[alice_depressed]\AA[N]É tudo igual para você.,,\F[alice_depressed]\AA[N]É tudo igual para você.,Online (Annie falhou),0.0,0.64
\F[alice_depressed]\AA[N]Except for the fact that society doesn't consider what you do to be productive.,,\F[alice_depressed]\AA[N]E Exceto pelo fato de que a sociedade não considera produtivo o que você faz.,,\F[alice_depressed]\AA[N]E Exceto pelo fato de que a sociedade não considera produtivo o que você faz.,Online (Annie falhou),0.0,0.656
\F[alice_depressed]\AA[N]...,,\F[alice_depressed]\AA[N]...,,\F[alice_depressed]\AA[N]...,Online (Annie falhou),0.0,0.617
\F[alice_depressed]\AA[N]...You do miss blissful ignorance.,,\F[alice_depressed]\AA[N]...Você sente falta da feliz ignorância.,,\F[alice_depressed]\AA[N]...Você sente falta da feliz ignorância.,Online (Annie falhou),0.0,0.637
\F[alice_depressed]\AA[N]You hate being able to see the systems for what they are.,,\F[alice_depressed]\AA[N]Você odeia poder ver os sistemas como eles são.,,\F[alice_depressed]\AA[N]Você odeia poder ver os sistemas como eles são.,Online (Annie falhou),0.0,0.67
\F[alice_depressed]\AA[N]You hate how you can't just go along with it like everyone else.,,\F[alice_depressed]\AA[N]Você odeia como não pode simplesmente concordar com isso como todo mundo.,,\F[alice_depressed]\AA[N]Você odeia como não pode simplesmente concordar com isso como todo mundo.,Online (Annie falhou),0.0,0.654
\F[alice_no]\AA[F]...Even though it all is the same... the difference is that those people are happy...,,\F[alice_no]\AA[F]...Mesmo sendo tudo igual... a diferença é que essas pessoas são felizes...,,\F[alice_no]\AA[F]...Mesmo sendo tudo igual... a diferença é que essas pessoas são felizes...,Online (Annie falhou),0.0,0.678
\F[alice_depressed]\AA[F]While I'm not.,,\F[alice_depressed]\AA[F]Enquanto não estou.,,\F[alice_depressed]\AA[F]Enquanto não estou.,Online (Annie falhou),0.0,0.628
\F[alice_no]\AA[F]\..\..\..,,\F[alice_no]\AA[F]\..\..\..,,\F[alice_no]\AA[F]\..\..\..,Online (Annie falhou),0.0,0.618
"\F[alice_no]\AA[N]Awwwww, don't be such a Debbie-downer!",,"\F[alice_no]\AA[N]Awwww, não seja tão deprimente com Debbie!",,"\F[alice_no]\AA[N]Awwww, não seja tão deprimente com Debbie!",Online (Annie falhou),0.0,0.609
\F[alice_no]\AA[N]Maybe you should watch some TV to return to your usual state of apathy!,,\F[alice_no]\AA[N]Talvez você devesse assistir um pouco de TV para voltar ao seu estado habitual de apatia!,,\F[alice_no]\AA[N]Talvez você devesse assistir um pouco de TV para voltar ao seu estado habitual de apatia!,Online (Annie falhou),0.0,0.684
Hm... this plant looks different from yesterday.,,Hm... esta planta parece diferente de ontem.,Hm... esta planta parece diferente de ontem.,Hm... esta planta parece diferente de ontem.,Annie,0.682,0.682
Smells different too.,,Cheira diferente também.,Hurle différent aussi.,Cheira diferente também.,Online,0.602,0.632
...You think that this might be the source of that decaying odor.,,...Você acha que esta pode ser a fonte daquele odor podre.,,...Você acha que esta pode ser a fonte daquele odor podre.,Online (Annie falhou),0.0,0.66
"Wouldn't make much sense, though. How could a plant be growing and decaying?",,"Não faria muito sentido, no entanto.Como uma planta poderia estar crescendo e se deteriorando?",,"Não faria muito sentido, no entanto.Como uma planta poderia estar crescendo e se deteriorando?",Online (Annie falhou),0.0,0.688
The scent of rot overpowers you.,,O cheiro de podridão domina você.,El aroma de putrefação te domina.,El aroma de putrefação te domina.,Annie,0.662,0.659
rot_2,,rot_2,_2,rot_2,Online,0.59,0.602
"Huh, looks that that plant brought a little buddy.",,"Hã, parece que aquela planta trouxe um amiguinho.",Parece que esa planta trajo un amiguinho.,"Hã, parece que aquela planta trouxe um amiguinho.",Online,0.639,0.67
You wonder what this plant is feeding off of to grow so quickly.,,Você se pergunta do que esta planta está se alimentando para crescer tão rapidamente.,Você se pregunta de que se alimenta esta planta para crecer tan rápido.,Você se pregunta de que se alimenta esta planta para crecer tan rápido.,Annie,0.669,0.669
WallCrack,,Parede rachada,Fissura mural,Fissura mural,Annie,0.609,0.54
"You used to care about that crack in the wall, but now it's just decoration.",,"Você costumava se preocupar com aquela rachadura na parede, mas agora é só decoração.",,"Você costumava se preocupar com aquela rachadura na parede, mas agora é só decoração.",Online (Annie falhou),0.0,0.671
...Another one?,,...Outro?,...Outro?,...Outro?,Annie,0.584,0.584
"<Hitbox Up: 1><Hitbox Right: 1><Click Trigger><Sprite Offset: +16, +4>",,,"<Hitbox Up: 1><Hitbox Dright: 1><Click Trigger><Sprite Offset: +16, +4>","<Hitbox Up: 1><Hitbox Dright: 1><Click Trigger><Sprite Offset: +16, +4>",Annie (Rival vazio),0.629,0.0
"---Alice realizes how pointless everything is---
BEAT 5",,"---Alice percebe o quanto tudo é inútil---
BATIDA 5",---Alice se rend compte de quão inútil tout est----BAT 5,---Alice se rend compte de quão inútil tout est----BAT 5,Annie,0.679,0.657
It's close to blocking off the exit.,,Está perto de bloquear a saída.,,Está perto de bloquear a saída.,Online (Annie falhou),0.0,0.67
\F[alice_no]\AA[F]...It's not like it matters.,,\F[alice_no]\AA[F]...Não é como se isso importasse.,,\F[alice_no]\AA[F]...Não é como se isso importasse.,Online (Annie falhou),0.0,0.668
\F[alice_downturned]\AA[F]I was never going to leave in the first place.,,"\F[alice_downturned]\AA[F]Em primeiro lugar, eu nunca iria embora.",,"\F[alice_downturned]\AA[F]Em primeiro lugar, eu nunca iria embora.",Online (Annie falhou),0.0,0.669
\F[alice_downturned]\AA[N]Quite the thought of despair here.,,\F[alice_downturned]\AA[N]É bastante desespero aqui.,,\F[alice_downturned]\AA[N]É bastante desespero aqui.,Online (Annie falhou),0.0,0.621
\F[alice_downturned]\AA[N]But it's true: There's nothing out there for you.,,\F[alice_downturned]\AA[N]Mas é verdade: não há nada para você.,,\F[alice_downturned]\AA[N]Mas é verdade: não há nada para você.,Online (Annie falhou),0.0,0.66
\F[alice_downturned]\AA[N]You're sure that no one in your family cares.,,\F[alice_downturned]\AA[N]Você tem certeza de que ninguém em sua família se importa.,,\F[alice_downturned]\AA[N]Você tem certeza de que ninguém em sua família se importa.,Online (Annie falhou),0.0,0.67
"\F[alice_downturned]\AA[N]You're sure that even if you finally did go out, you'd be miserable.",,"\F[alice_downturned]\AA[N]Você tem certeza de que, mesmo que finalmente saísse, ficaria infeliz.",,"\F[alice_downturned]\AA[N]Você tem certeza de que, mesmo que finalmente saísse, ficaria infeliz.",Online (Annie falhou),0.0,0.646
"\F[alice_downturned]\AA[N]Hell, the one person you remember being kind to you wound up dead. What does that mean?",,"\F[alice_downturned]\AA[N]Inferno, a única pessoa que você lembra de ter sido gentil com você acabou morta.O que isso significa?",,"\F[alice_downturned]\AA[N]Inferno, a única pessoa que você lembra de ter sido gentil com você acabou morta.O que isso significa?",Online (Annie falhou),0.0,0.667
\F[alice_downturned]\AA[N]Does it mean that you have to resort to assholery if you want to live?,,\F[alice_downturned]\AA[N]Isso significa que você terá que recorrer à astúcia se quiser viver?,,\F[alice_downturned]\AA[N]Isso significa que você terá que recorrer à astúcia se quiser viver?,Online (Annie falhou),0.0,0.652
"\F[alice_downturned]\AA[N]...The worst part of it all is that even after thinking about it, you don't know the root of your issues.",,"\F[alice_downturned]\AA[N]...A pior parte de tudo é que mesmo depois de pensar sobre isso, você não sabe a raiz dos seus problemas.",,"\F[alice_downturned]\AA[N]...A pior parte de tudo é que mesmo depois de pensar sobre isso, você não sabe a raiz dos seus problemas.",Online (Annie falhou),0.0,0.689
\F[alice_downturned]\AA[N]Maybe it was a bunch of small things snowballing up to something massive.,,\F[alice_downturned]\AA[N]Talvez tenha sido um monte de pequenas coisas se transformando em algo enorme.,,\F[alice_downturned]\AA[N]Talvez tenha sido um monte de pequenas coisas se transformando em algo enorme.,Online (Annie falhou),0.0,0.639
\F[alice_downturned]\AA[N]But you can't even figure out the smaller things.,,\F[alice_downturned]\AA[N]Mas você não consegue nem descobrir as coisas menores.,,\F[alice_downturned]\AA[N]Mas você não consegue nem descobrir as coisas menores.,Online (Annie falhou),0.0,0.66
You fall back asleep.,,Você volta a dormir.,Usted se vuelve a dormir.,Você volta a dormir.,Online,0.619,0.657
"For a long, long time.",,"Por muito, muito tempo.","Durante muito, muito tempo.","Por muito, muito tempo.",Online,0.582,0.594
"And again, it's dreamless.",,"E, novamente, não há sonhos.","Y de nuevo, no tiene sonhos.","E, novamente, não há sonhos.",Online,0.616,0.646
...You've come to realize that maybe you don't dream because your mind itself is a prison.,,...Você percebeu que talvez não sonhe porque sua própria mente é uma prisão.,...vous habéis percebido que talvez você no soñe porque su mente en sí misma es una prisão.,...vous habéis percebido que talvez você no soñe porque su mente en sí misma es una prisão.,Annie,0.667,0.665
\..\..\..,,\..\..\..,. . . . . . . . . . . . . . . . . . . . . . . . . . . . . . . . . . . . . . . . . . . . . . . . . . . . . . . . . . . . . . . . . . . . . . . . . . . . . . . . . . . . . . . .,\..\..\..,Online,0.562,0.6
\..\..\..\..\..,,\..\..\..\..\..,. . . . . . . . . . . . . . . . . . . . . . . . . . . . . . . . . . . . . . . . . . . . . . . . . . . . . . . . . . . . . . . . . . . . . . . . . . . . . . . . . . . . . . . . . . . . . .,\..\..\..\..\..,Online,0.566,0.592
It smells like blood and guts are spread around the room.,,Cheira a sangue e tripas espalhadas pela sala.,,Cheira a sangue e tripas espalhadas pela sala.,Online (Annie falhou),0.0,0.648
"---Ending---
BEAT FINAL!!!!",,"---Finalizando---
BATA FINAL!!!!",---Ending----- BEAT FINAL!!!!,---Ending----- BEAT FINAL!!!!,Annie,0.649,0.612
The exit's blocked.,,A saída está bloqueada.,La salida está bloqueada.,A saída está bloqueada.,Online,0.688,0.688
You're too late.,,Você está muito atrasado.,Llegas tarde demais.,Você está muito atrasado.,Online,0.602,0.673
The vines... rot... guts? ,,As vinhas... apodrecem... tripas?,As vides... putrefaçons... tripas?,As vinhas... apodrecem... tripas?,Online,0.562,0.586
The substance stays wrapped around you.,,A substância permanece enrolada em você.,,A substância permanece enrolada em você.,Online (Annie falhou),0.0,0.663
You don't try to fight it.,,Você não tenta lutar contra isso.,Você no intenta luchar contra ella.,Você não tenta lutar contra isso.,Online,0.646,0.666
"You want to scream, but you're too tired.",,"Você quer gritar, mas está muito cansado.",,"Você quer gritar, mas está muito cansado.",Online (Annie falhou),0.0,0.67
"The strange tentacles poke through you, stitching you straight to the bed.",,"Os estranhos tentáculos cutucam você, te prendendo direto na cama.",,"Os estranhos tentáculos cutucam você, te prendendo direto na cama.",Online (Annie falhou),0.0,0.644
You never intended to leave in the first place.,,Você nunca teve a intenção de partir em primeiro lugar.,Nunca pretendiste partir en primer lugar.,Você nunca teve a intenção de partir em primeiro lugar.,Online,0.669,0.681
"Not for a long time, at least.",,"Não por muito tempo, pelo menos.","No durante mucho tiempo, pelo menos.","Não por muito tempo, pelo menos.",Online,0.643,0.649
But now that you're truly chained to the bed... you expect to regret it all.,,Mas agora que você está realmente acorrentado à cama... você espera se arrepender de tudo.,,Mas agora que você está realmente acorrentado à cama... você espera se arrepender de tudo.,Online (Annie falhou),0.0,0.665
...You don't.,,...Você não.,...você no sabe.,...Você não.,Online,0.568,0.634
You had no dreams to live for...,,Você não tinha sonhos pelos quais viver...,Usted no tenía ningún sueño para vivir por...,Você não tinha sonhos pelos quais viver...,Online,0.655,0.671
So your nightmares became your reality.,,Então seus pesadelos se tornaram sua realidade.,Así que vuestros pesadelos se tornaron vuestra realidad.,Así que vuestros pesadelos se tornaron vuestra realidad.,Annie,0.693,0.685
END: BEDROT,,FIM: CAMA,Fin: BEDROT,Fin: BEDROT,Annie,0.603,0.559
